# frame	job_id	kind
1	9c29a182-af58-4aa3-a3d0-645d4cf17ec8	A
2	c06d9c42-03a7-4755-b3ed-721d663054bd	B1
3	2c628712-c160-41c2-91d7-5a3c09eec8f3	B2
4	8d46285f-78e7-45d9-9fb7-89f09781d1a7	A
7	f706d013-6f03-404a-b00f-7b1db6db2747	A
10	1c197494-dc5c-4b63-a5ca-94713e099470	A
13	5fcfd152-3917-419a-b585-fb9f1742681d	A
16	9e7d4cd0-9584-47f9-92e1-55366948ddc2	A
19	4a47a310-d30c-41ef-9ee9-a8390335775e	A
22	e07eab35-4541-4469-8eb5-1305b463e640	A
25	2bb1e75c-7c3e-442b-8078-65e4fe284dda	A
28	33f31cf6-f11d-4eee-9d8a-92a0b3e191fa	A
31	c8913c28-c5db-4c05-b020-5306f267bd82	A
34	2a893309-d649-49b4-80d1-0d9d4fee9e93	A
37	6d7367b0-ff08-40ac-84b9-ab13fc06e1f2	A
40	81680434-382d-4d82-815c-6ad976a64717	A
43	eb8239cd-fe58-449e-9d1a-80fc8dfa714d	A
46	d5ce8921-65b9-43f4-bd09-09a73a0da673	A
49	4ca9b21e-1134-4bc8-99c6-aeb97dc050fe	A
52	95a699ff-9739-4bd9-b3f5-fa4f7d6a0781	A
55	4a78a74d-940a-4b7f-be36-e4ff518f31ff	A
58	a01bdead-a3c3-4ff9-9a17-4e00c481871e	A
61	6e5fbc54-2120-4682-afb7-afd0f0ba6479	A
64	25879bc9-61b6-47c7-b3be-caf3f64e11d5	A
67	042fe839-b186-4dae-9ad5-0033f6e55cee	A
70	db635fa2-99af-43c6-a92c-0dff832a3b55	A
73	a036f2fb-e63f-4b3e-976a-0e3f92ced102	A
76	7362ecd7-fdd0-4c32-84d0-d52d3ab4d877	A
79	37601342-eb8b-4521-8b57-0407308f0aa6	A
82	59416692-b210-4e53-885c-3197d88a3a5c	A
85	3e0eb4e5-c073-4050-89eb-bb98c3f736f4	A
88	f5260e83-56c6-47ce-9e45-a9cc4dbae6e8	A
91	c033746c-9611-4423-ba70-46a7398c527f	A
94	6ce8a594-03e5-423a-9e2b-f494b7061504	A
